{
  "Actor": {
    "types": ["character", "monster", "stronghold"],
    "templates": {
      "attributes": {
        "attribute": {
          "strength": {
            "label": "ATTRIBUTE.STRENGTH",
            "value": 0,
            "min": 0,
            "max": 0
          },
          "agility": {
            "label": "ATTRIBUTE.AGILITY",
            "value": 0,
            "min": 0,
            "max": 0
          },
          "wits": {
            "label": "ATTRIBUTE.WITS",
            "value": 0,
            "min": 0,
            "max": 0
          },
          "empathy": {
            "label": "ATTRIBUTE.EMPATHY",
            "value": 0,
            "min": 0,
            "max": 0
          }
        }
      },
      "skills": {
        "skill": {
          "might": {
            "label": "SKILL.MIGHT",
            "value": 0,
            "min": 0,
            "attribute": "strength"
          },
          "endurance": {
            "label": "SKILL.ENDURANCE",
            "value": 0,
            "min": 0,
            "attribute": "strength"
          },
          "melee": {
            "label": "SKILL.MELEE",
            "value": 0,
            "min": 0,
            "attribute": "strength"
          },
          "crafting": {
            "label": "SKILL.CRAFTING",
            "value": 0,
            "min": 0,
            "attribute": "strength"
          },
          "stealth": {
            "label": "SKILL.STEALTH",
            "value": 0,
            "min": 0,
            "attribute": "agility"
          },
          "sleight-of-hand": {
            "label": "SKILL.SLEIGHT_OF_HAND",
            "value": 0,
            "min": 0,
            "attribute": "agility"
          },
          "move": {
            "label": "SKILL.MOVE",
            "value": 0,
            "min": 0,
            "attribute": "agility"
          },
          "marksmanship": {
            "label": "SKILL.MARKSMANSHIP",
            "value": 0,
            "min": 0,
            "attribute": "agility"
          },
          "scouting": {
            "label": "SKILL.SCOUTING",
            "value": 0,
            "min": 0,
            "attribute": "wits"
          },
          "lore": {
            "label": "SKILL.LORE",
            "value": 0,
            "min": 0,
            "attribute": "wits"
          },
          "survival": {
            "label": "SKILL.SURVIVAL",
            "value": 0,
            "min": 0,
            "attribute": "wits"
          },
          "insight": {
            "label": "SKILL.INSIGHT",
            "value": 0,
            "min": 0,
            "attribute": "wits"
          },
          "manipulation": {
            "label": "SKILL.MANIPULATION",
            "value": 0,
            "min": 0,
            "attribute": "empathy"
          },
          "performance": {
            "label": "SKILL.PERFORMANCE",
            "value": 0,
            "min": 0,
            "attribute": "empathy"
          },
          "healing": {
            "label": "SKILL.HEALING",
            "value": 0,
            "min": 0,
            "attribute": "empathy"
          },
          "animal-handling": {
            "label": "SKILL.ANIMAL_HANDLING",
            "value": 0,
            "min": 0,
            "attribute": "empathy"
          }
        }
      }
    },
    "character": {
      "templates": ["attributes", "skills"],
      "bio": {
        "kin": {
          "label": "BIO.KIN",
          "value": ""
        },
        "profession": {
          "label": "BIO.PROFESSION",
          "value": ""
        },
        "pride": {
          "label": "BIO.PRIDE",
          "value": ""
        },
        "darkSecret": {
          "label": "BIO.DARK_SECRET",
          "value": ""
        },
        "age": {
          "label": "BIO.AGE",
          "value": 0
        },
        "reputation": {
          "label": "BIO.REPUTATION",
          "value": 0
        },
        "face": {
          "label": "BIO.FACE",
          "value": ""
        },
        "body": {
          "label": "BIO.BODY",
          "value": ""
        },
        "clothing": {
          "label": "BIO.CLOTHING",
          "value": ""
        },
        "note": {
          "label": "BIO.NOTE",
          "value": ""
        },
        "experience": {
          "label": "BIO.EXPERIENCE",
          "value": 0
        },
        "willpower": {
          "label": "BIO.WILLPOWER",
          "value": 0,
          "min": 0,
          "max": 10
        }
      },
      "condition": {
        "sleepy": {
          "label": "CONDITION.SLEEPY",
          "value": false
        },
        "thirsty": {
          "label": "CONDITION.THIRSTY",
          "value": false
        },
        "hungry": {
          "label": "CONDITION.HUNGRY",
          "value": false
        },
        "cold": {
          "label": "CONDITION.COLD",
          "value": false
        }
      },
      "consumable": {
        "food": {
          "label": "CONSUMABLE.FOOD",
          "value": 0
        },
        "water": {
          "label": "CONSUMABLE.WATER",
          "value": 0
        },
        "arrows": {
          "label": "CONSUMABLE.ARROWS",
          "value": 0
        },
        "torches": {
          "label": "CONSUMABLE.TORCHES",
          "value": 0
        }
      },
      "currency": {
        "gold": {
          "label": "CURRENCY.GOLD",
          "value": 0
        },
        "silver": {
          "label": "CURRENCY.SILVER",
          "value": 0
        },
        "copper": {
          "label": "CURRENCY.COPPER",
          "value": 0
        }
      }
    },
    "monster": {
      "templates": ["attributes", "skills"],
      "movement": {
        "label": "MOVEMENT",
        "value": 1
      },
      "armor": {
        "label": "MONSTER.ARMOR",
        "value": 0
      }
    },
    "stronghold": {
      "location": "",
      "description": "",
      "defenseRating": 0
    }
  },
  "Item": {
    "types": [
      "weapon",
      "armor",
      "gear",
      "rawMaterial",
      "talent",
      "criticalInjury",
      "spell",
      "monsterTalent",
      "monsterAttack",
      "building",
      "hireling"
    ],
    "templates": {
      "bonus": {
        "bonus": {
          "value": 1,
          "max": 1
        }
      },
      "craftable": {
        "rawMaterials": "",
        "time": "",
        "talent": "",
        "tools": ""
      }
    },
    "weapon": {
      "templates": ["bonus", "craftable"],
      "category": "melee",
      "artifactBonus": "",
      "skillBonus": 0,
      "damage": 1,
      "features": "",
      "grip": "1h",
      "range": "arm",
      "drawback": "",
      "description": "",
      "appearance": "",
      "cost": "",
      "supply": "",
      "weight": "regular",
      "effect": ""
    },
    "armor": {
      "templates": ["bonus", "craftable"],
      "cost": 0,
      "part": "body",
      "features": "",
      "supply": "",
      "weight": "regular"
    },
    "spell": {
      "rank": 1,
      "range": "",
      "duration": "",
      "ingredient": "",
      "description": ""
    },
    "talent": {
      "rank": 1,
      "description": ""
    },
    "criticalInjury": {
      "lethal": "No",
      "limit": "",
      "effect": "",
      "healingTime": ""
    },
    "gear": {
      "templates": ["bonus", "craftable"],
      "cost": "",
      "supply": "",
      "weight": "regular",
      "effect": ""
    },
    "rawMaterial": {
      "templates": ["bonus", "craftable"],
      "cost": "",
      "shelfLife": ""
    },
    "monsterTalent": {
      "description": ""
    },
    "monsterAttack": {
      "description": "",
      "dice": 0,
      "damage": 0,
      "damageType": "",
      "range": ""
    },
    "building": {
      "description": "",
      "requirement": "",
      "rawMaterials": "",
      "tools": "",
      "time": "",
      "effect": "",
      "reputation": "",
      "number": 0
    },
    "hireling": {
      "description": "",
      "salary": "",
      "supply": "",
      "number": 0
    }
  }
}
